{
    "1-nn_accuracy": 0.9303,
    "3-nn_accuracy": 0.9358,
    "5-nn_accuracy": 0.9349,
    "7-nn_accuracy": 0.9333,
    "adjusted_rand_score": 0.04287114484428028,
    "adjusted_mutual_info": 0.06057003252123561,
    "homogeneity": 0.06038120427143343,
    "completeness": 0.06097346438313447,
    "silhouette": 0.12075722962617874
}