{
    "1-nn_accuracy": 0.5857,
    "3-nn_accuracy": 0.5716,
    "5-nn_accuracy": 0.5682,
    "7-nn_accuracy": 0.561,
    "adjusted_rand_score": 0.002619088438302491,
    "adjusted_mutual_info": 0.004746018679820097,
    "homogeneity": 0.007039386492277199,
    "completeness": 0.007354295382543098,
    "silhouette": 0.4367476999759674
}