{
    "1-nn_accuracy": 0.7458,
    "3-nn_accuracy": 0.7444,
    "5-nn_accuracy": 0.743,
    "7-nn_accuracy": 0.7458,
    "adjusted_rand_score": 0.032757196423483154,
    "adjusted_mutual_info": 0.0642613322591079,
    "homogeneity": 0.06471642016724781,
    "completeness": 0.06855053751613191,
    "silhouette": 0.3064219057559967
}