{
    "1-nn_accuracy": 0.9842,
    "3-nn_accuracy": 0.9845,
    "5-nn_accuracy": 0.9839,
    "7-nn_accuracy": 0.9842,
    "adjusted_rand_score": 0.890698857484005,
    "adjusted_mutual_info": 0.889640655148211,
    "homogeneity": 0.8887895599873764,
    "completeness": 0.8910261319230469,
    "silhouette": 0.5025978684425354
}